AgentID,FirstName,LastName,Email,Phone,DepartmentID,Role,Salary,State,Country
A01,John,Doe,johndoe@email.com,555-123-4567,D104,Customer Support,50000,CA,USA
A02,Jane,Smith,janesmith@email.com,555-234-5678,D104,Technical Support,60000,NY,USA
A03,Robert,Johnson,robertjohnson@email.com,555-345-6789,D103,Customer Support,55000,TX,USA
A04,Emily,Davis,emilydavis@email.com,555-456-7890,D101,Customer Support,48000,FL,USA
A05,Michael,Miller,michaelmiller@email.com,555-567-8901,D104,Technical Support,65000,OH,USA
A06,Ashley,Anderson,ashleyanderson@email.com,555-678-9012,D102,Customer Support,52000,WA,USA
A07,William,Taylor,williamtaylor@email.com,555-789-0123,D103,Technical Support,70000,CA,USA
A08,Olivia,Wilson,oliviawilson@email.com,555-890-1234,D101,Customer Support,48000,NY,USA
A09,James,Martinez,jamesmartinez@email.com,555-901-2345,D104,Customer Support,55000,TX,USA
A10,Sophia,Brown,sophiabrown@email.com,555-012-3456,D102,Technical Support,60000,FL,USA
A11,Benjamin,Jones,benjaminjones@email.com,555-123-4567,D103,Customer Support,50000,OH,USA
A12,Lily,Davis,lilydavis@email.com,555-234-5678,D101,Customer Support,48000,WA,USA
A13,Christopher,White,christopherwhite@email.com,555-345-6789,D104,Technical Support,65000,CA,USA
A14,Elizabeth,Moore,elizabethmoore@email.com,555-456-7890,D102,Customer Support,55000,NY,USA
A15,Michael,Johnson,michaeljohnson@email.com,555-567-8901,D103,Customer Support,50000,TX,USA
A16,Ella,Smith,ellasmith@email.com,555-678-9012,D101,Technical Support,60000,FL,USA
A17,Aiden,Davis,aidendavis@email.com,555-789-0123,D104,Customer Support,48000,OH,USA
A18,Mia,Johnson,miajohnson@email.com,555-890-1234,D102,Customer Support,55000,WA,USA
A19,Liam,Anderson,liamanderson@email.com,555-901-2345,D103,Technical Support,70000,CA,USA
A20,Isabella,Taylor,isabellataylor@email.com,555-012-3456,D101,Customer Support,48000,NY,USA
A21,Noah,Harris,noahharris@email.com,555-123-4567,D104,Customer Support,55000,TX,USA
A22,Sophia,Smith,sophiasmith@email.com,555-234-5678,D102,Technical Support,60000,FL,USA
A23,Jackson,Walker,jacksonwalker@email.com,555-345-6789,D103,Customer Support,50000,OH,USA
A24,Emma,Turner,emmaturner@email.com,555-456-7890,D101,Customer Support,48000,WA,USA
A25,Aiden,Martinez,aidenmartinez@email.com,555-567-8901,D104,Technical Support,65000,CA,USA
A26,Sophia,Brooks,sophiabrooks@email.com,555-678-9012,D102,Customer Support,52000,NY,USA
A27,Lucas,Hall,lucashall@email.com,555-789-0123,D103,Customer Support,55000,TX,USA
A28,Isabella,Baker,isabellabaker@email.com,555-890-1234,D101,Technical Support,70000,FL,USA
A29,Oliver,Davis,oliverdavis@email.com,555-901-2345,D104,Customer Support,48000,OH,USA
A30,Emma,Brooks,emmabrooks@email.com,555-012-3456,D102,Customer Support,55000,WA,USA
A31,Aiden,White,aidenwhite@email.com,555-123-4567,D103,Technical Support,60000,CA,USA
A32,Mia,Scott,miascott@email.com,555-234-5678,D101,Customer Support,50000,NY,USA
A33,Liam,Miller,liammiller@email.com,555-345-6789,D104,Customer Support,48000,TX,USA
A34,Sophia,Walker,sophiawalker@email.com,555-456-7890,D102,Technical Support,65000,FL,USA
A35,Jackson,Smith,jacksonsmith@email.com,555-567-8901,D103,Customer Support,70000,OH,USA
A36,Olivia,Turner,oliviaturner@email.com,555-678-9012,D101,Customer Support,55000,WA,USA
A37,Lucas,Wilson,lucaswilson@email.com,555-789-0123,D104,Technical Support,60000,CA,USA
A38,Emma,Martinez,emamartinez@email.com,555-890-1234,D102,Customer Support,48000,NY,USA
A39,Aiden,Brown,aidenbrown@email.com,555-901-2345,D103,Customer Support,55000,TX,USA
A40,Mia,Jones,miajones@email.com,555-012-3456,D101,Technical Support,70000,FL,USA
A41,Liam,Davis,liamdavis@email.com,555-123-4567,D104,Customer Support,48000,OH,USA
A42,Sophia,Harris,sophiaharris@email.com,555-234-5678,D102,Customer Support,55000,WA,USA
A43,Jackson,White,jacksonwhite@email.com,555-345-6789,D103,Technical Support,60000,CA,USA
A44,Olivia,Martinez,oliviamartinez@email.com,555-456-7890,D101,Customer Support,48000,NY,USA
A45,Lucas,Taylor,lucastaylor@email.com,555-567-8901,D104,Technical Support,55000,TX,USA
A46,Emma,Hall,emmahall@email.com,555-678-9012,D101,Customer Support,65000,WA,USA
A47,Aiden,Miller,aidenmiller@email.com,555-789-0123,D104,Customer Support,70000,CA,USA
A48,Sophia,Baker,sophiabaker@email.com,555-890-1234,D101,Technical Support,48000,FL,USA
A49,Lucas,Davis,lucasdavis@email.com,555-901-2345,D102,Customer Support,55000,NY,USA
A50,Ava,Harris,avaharris@email.com,555-012-3456,D103,Technical Support,60000,TX,USA
